{
  "distributed": {
    "nDCG@10": 0.64508,
    "Recall@100": 0.925,
    "wall_s": 6.040792222998789,
    "qps": 49.66236032052648
  },
  "baseline": {
    "nDCG@10": 0.64508,
    "Recall@100": 0.925,
    "wall_s": 0.11857167400012258,
    "qps": 2530.1152448913713
  }
}